Review,Score,"Are there ways for you to generate more data? Spliting up sentences, would that help?",Language
Filem ini hebat! Aksi yang mendebarkan dan plot yang mengejutkan.,0.1,,Malay
"Sayang sekali, pelakon tidak memberikan persembahan terbaik. Kurang puas hati.",0.8,,Malay
Jalan cerita yang kompleks dan penuh emosi. Sungguh menghiburkan!,0.2,,Malay
Pembuat filem berjaya memberikan pengalaman yang tidak terlupakan. Sungguh memukau!,0.05,,Malay
Adegan aksi yang terlalu banyak dan mengejutkan. Terkadang agak terlalu banyak.,0.4,,Malay
Saya teruja sepanjang filem. Penceritaan yang menarik!,0.15,,Malay
Avengers: Endgame mengecewakan dan membosankan. Terlalu banyak klise.,0.85,,Malay
Integrasi elemen fiksyen sains sangat menarik. Saya suka!,0.25,,Malay
Filem ini mengujakan dengan nuansa emosi yang mendalam.,0.12,,Malay
"Secara keseluruhan, pengalaman sinematik yang luar biasa. Saya kagum!",0.08,,Malay
Saya kira filem ini tidak sehebat yang diperkatakan. Rasa kurang puas hati.,0.7,,Malay
Aksi yang menakjubkan dan plot yang penuh kejutan. Saya kagum!,0.12,,Malay
Kualiti visual filem ini sungguh mengagumkan. Saya teruja!,0.15,,Malay
Saya kurang suka cara pelakon utama menyampaikan dialog. Kurang menyakinkan.,0.75,,Malay
Jalan cerita yang rumit tetapi sangat menarik. Saya suka!,0.2,,Malay
Adegan aksi yang terlalu dramatik dan berlebihan. Tidak realistik.,0.6,,Malay
Filem ini benar-benar membuat saya terbawa suasana. Saya kagum dengan keseluruhan produksi.,0.1,,Malay
Pelakon memberikan persembahan yang hebat. Saya suka cerita ini!,0.15,,Malay
Saya tidak faham dengan plot filem ini. Terlalu kompleks.,0.7,,Malay
Kejutan besar dalam plot! Aksi yang memukau sepanjang filem.,0.1,,Malay
Visual effects hebat tetapi plot kurang menarik. Saya rasa bosan.,0.6,,Malay
Saya tidak suka bagaimana filem ini berakhir. Tidak memuaskan.,0.8,,Malay
Filem ini membuat saya gelak dan menangis. Suka dengan perasaan yang disampaikan.,0.15,,Malay
Pelakon tidak berjaya membawa watak dengan baik. Kurang kredibel.,0.7,,Malay
"Keseluruhan, filem ini hebat! Saya akan menontonnya lagi.",0.08,,Malay
Adegan aksi yang luar biasa. Saya rasa teruja sepanjang masa.,0.12,,Malay
"Sayang sekali, plot filem ini terlalu terbuka. Tidak ada penyelesaian yang memuaskan.",0.7,,Malay
Saya suka cara filem ini menggabungkan komedi dengan aksi. Sangat menghiburkan.,0.15,,Malay
Kualiti visual dan efek khas filem ini luar biasa. Saya terkesan!,0.1,,Malay
Pelakon memberikan persembahan yang sangat baik. Saya suka jalan ceritanya.,0.15,,Malay
Filem ini sangat mengecewakan. Tidak sepadan dengan hype.,0.8,,Malay
Plot yang rumit tetapi menarik. Adegan akhir yang epik!,0.1,,Malay
Adegan aksi yang terlalu berlebihan. Terlalu banyak efek khas.,0.6,,Malay
Saya tidak faham dengan twist dalam plot. Sedikit keliru.,0.7,,Malay
Filem ini benar-benar menggetarkan perasaan. Saya suka sekali!,0.12,,Malay
Visual effects filem ini luar biasa. Teruja dengan kehebatan teknikal.,0.1,,Malay
Kurangnya pengembangan watak membuatkan filem ini lemah. Tidak memuaskan.,0.75,,Malay
Saya teruja dengan cara filem ini menggabungkan elemen fiksyen sains.,0.2,,Malay
Plot yang menarik dan penuh kejutan. Saya suka twist dalam cerita.,0.15,,Malay
Filem ini mempunyai kekuatan emosional yang besar. Menyentuh hati!,0.12,,Malay
Pelakon memberikan persembahan yang tidak memuaskan. Tidak kredibel.,0.75,,Malay
Jalan cerita yang agak biasa tetapi dihidupkan dengan aksi yang hebat.,0.25,,Malay
Adegan akhir yang sangat epik! Saya teruja dengan penutupan trilogi ini.,0.08,,Malay
Filem ini hebat! Saya suka dengan pengembangan watak.,0.1,,Malay
Saya tidak suka dengan jalan cerita yang terlalu kompleks. Tidak dapat diikuti.,0.7,,Malay
Sangat gembira dengan filem ini. Aksi yang mengagumkan!,0.12,,Malay
Plot yang rumit tetapi sangat menarik. Kejutan besar di penghujung!,0.08,,Malay
Visual effects filem ini benar-benar luar biasa. Saya terkesan!,0.1,,Malay
Perasaan yang mendalam dalam filem ini membuatkan saya terharu. Saya suka!,0.12,,Malay
Kurangnya ketegangan dalam plot membuatkan saya bosan. Tidak ada elemen kejutan.,0.7,,Malay
Filem ini memberikan jawapan kepada banyak pertanyaan. Saya suka twistnya.,0.15,,Malay
Kejutan besar di tengah-tengah filem! Aksi yang mendebarkan!,0.12,,Malay
Visual effects dan animasi filem ini sungguh mengagumkan. Terkesan!,0.1,,Malay
Pelakon memberikan persembahan yang sangat baik. Saya suka dengan penutupan ceritanya.,0.12,,Malay
Filem ini tidak sehebat yang saya jangkakan. Terlalu banyak klise.,0.7,,Malay
Aksi yang menegangkan sepanjang filem. Saya teruja!,0.12,,Malay
Saya suka dengan cara filem ini menggabungkan aksi dengan unsur komedi.,0.15,,Malay
Plot yang rumit dan penuh misteri. Sangat menarik!,0.15,,Malay
Pelakon utama memberikan persembahan yang luar biasa. Saya suka karakternya.,0.12,,Malay
Filem ini mengecewakan dan tidak sepadan dengan waktu saya. Terlalu biasa.,0.8,,Malay
Twist besar di penghujung filem membuat saya terkejut. Suka dengan plot twistnya.,0.1,,Malay
Visual effects dan desain produksi filem ini luar biasa. Saya terkesan!,0.1,,Malay
Pelakon-pelakon memberikan persembahan yang luar biasa. Saya suka cerita ini!,0.12,,Malay
Aksi yang mendebarkan tetapi plot agak lemah. Tidak seimbang.,0.5,,Malay
Saya teruja dengan cara filem ini membawa kembali elemen-elemen dari filem sebelumnya.,0.15,,Malay
Kualiti visual dan efek khas filem ini luar biasa. Terkesan!,0.1,,Malay
Kurangnya pengembangan watak membuatkan filem ini lemah. Tidak memuaskan.,0.75,,Malay
Saya teruja dengan cara filem ini menggabungkan elemen fiksyen sains.,0.2,,Malay
Plot yang menarik dan penuh kejutan. Saya suka twist dalam cerita.,0.15,,Malay
Filem ini mempunyai kekuatan emosional yang besar. Menyentuh hati!,0.12,,Malay
Pelakon memberikan persembahan yang tidak memuaskan. Tidak kredibel.,0.75,,Malay
Jalan cerita yang agak biasa tetapi dihidupkan dengan aksi yang hebat.,0.25,,Malay
Adegan akhir yang sangat epik! Saya teruja dengan penutupan trilogi ini.,0.08,,Malay
Filem ini hebat! Saya suka dengan pengembangan watak.,0.1,,Malay
Saya tidak suka dengan jalan cerita yang terlalu kompleks. Tidak dapat diikuti.,0.7,,Malay
Sangat gembira dengan filem ini. Aksi yang mengagumkan!,0.12,,Malay
Plot yang rumit tetapi sangat menarik. Kejutan besar di penghujung!,0.08,,Malay
Visual effects filem ini benar-benar luar biasa. Saya terkesan!,0.1,,Malay
Perasaan yang mendalam dalam filem ini membuatkan saya terharu. Saya suka!,0.12,,Malay
Kurangnya ketegangan dalam plot membuatkan saya bosan. Tidak ada elemen kejutan.,0.7,,Malay
Filem ini memberikan jawapan kepada banyak pertanyaan. Saya suka twistnya.,0.15,,Malay
Kejutan besar di tengah-tengah filem! Aksi yang mendebarkan!,0.12,,Malay
Visual effects dan animasi filem ini sungguh mengagumkan. Terkesan!,0.1,,Malay
Pelakon memberikan persembahan yang sangat baik. Saya suka dengan penutupan ceritanya.,0.12,,Malay
Filem ini tidak sehebat yang saya jangkakan. Terlalu banyak klise.,0.7,,Malay
Aksi yang menegangkan sepanjang filem. Saya teruja!,0.12,,Malay
Saya suka dengan cara filem ini menggabungkan aksi dengan unsur komedi.,0.15,,Malay
Plot yang rumit dan penuh misteri. Sangat menarik!,0.15,,Malay
Pelakon utama memberikan persembahan yang luar biasa. Saya suka karakternya.,0.12,,Malay
Filem ini mengecewakan dan tidak sepadan dengan waktu saya. Terlalu biasa.,0.8,,Malay
Twist besar di penghujung filem membuat saya terkejut. Suka dengan plot twistnya.,0.1,,Malay
Visual effects dan desain produksi filem ini luar biasa. Saya terkesan!,0.1,,Malay
Pelakon-pelakon memberikan persembahan yang luar biasa. Saya suka cerita ini!,0.12,,Malay
Aksi yang mendebarkan tetapi plot agak lemah. Tidak seimbang.,0.5,,Malay
Saya teruja dengan cara filem ini membawa kembali elemen-elemen dari filem sebelumnya.,0.15,,Malay
Filem ini mengagumkan! Aksi yang memukau dan plot yang menarik.,0.08,,Malay
Saya kecewa dengan persembahan pelakon. Tidak memuaskan.,0.7,,Malay
Jalan cerita yang menyentuh hati dan penuh emosi. Saya suka!,0.12,,Malay
Filem ini memberikan pengalaman yang luar biasa. Sungguh memukau!,0.05,,Malay
Adegan aksi yang terlalu banyak dan kadang-kadang tidak perlu. Terlalu dramatik.,0.4,,Malay
Saya teruja dengan setiap detik filem ini. Penceritaan yang menarik!,0.15,,Malay
Avengers: Endgame mengecewakan dan terlalu klise. Tidak menyeronokkan.,0.85,,Malay
Saya suka cara filem ini menggabungkan elemen fiksyen sains. Menarik!,0.25,,Malay
Filem ini benar-benar mengesankan dengan perasaan yang mendalam.,0.12,,Malay
Pengalaman sinematik yang tidak dapat dilupakan. Saya kagum!,0.1,,Malay
Saya rasa filem ini tidak mencapai standard yang dijangkakan. Tidak memuaskan.,0.75,,Malay
Aksi yang mengagumkan dan plot yang penuh kejutan. Saya terkesan!,0.12,,Malay
Kualiti visual filem ini sungguh mengagumkan. Teruja dengan efek khasnya!,0.1,,Malay
Saya tidak puas hati dengan cara pelakon utama menyampaikan dialog. Kurang menyakinkan.,0.8,,Malay
Jalan cerita yang rumit tetapi sangat menarik. Saya suka!,0.2,,Malay
Adegan aksi yang dramatik dan berkesan. Terlalu banyak efek khas.,0.6,,Malay
Filem ini memukau dengan suasana yang dihasilkan. Saya kagum!,0.1,,Malay
Pelakon memberikan persembahan yang cemerlang. Saya suka cerita ini!,0.15,,Malay
Saya tidak faham dengan plot filem ini. Terlalu kompleks.,0.7,,Malay
Kejutan besar dalam plot! Aksi yang mendebarkan sepanjang masa.,0.1,,Malay
Visual effects filem ini sungguh memukau. Saya terkesan!,0.1,,Malay
Plot yang terbuka dan kurang memuaskan. Tidak ada penyelesaian yang memuaskan.,0.7,,Malay
Filem ini membuat saya tertawa dan menangis. Suka dengan perasaan yang disampaikan.,0.15,,Malay
Saya tidak suka bagaimana filem ini berakhir. Tidak memuaskan.,0.75,,Malay
Filem ini membuat saya gelak dan menangis. Suka dengan perasaan yang disampaikan.,0.2,,Malay
Pelakon tidak berjaya membawa watak dengan baik. Kurang kredibel.,0.69,,Malay
"Keseluruhan, filem ini hebat! Saya akan menontonnya lagi.",0.08,,Malay
Pelakon tidak berjaya membawa watak dengan baik. Tidak kredibel.,0.7,,Malay
"Keseluruhan, filem ini hebat! Saya akan menontonnya lagi.",0.25,,Malay
Adegan aksi yang luar biasa. Teruja dengan penutupan trilogi ini.,0.12,,Malay
"Sayang sekali, plot filem ini terlalu terbuka. Tidak ada penutupan yang memuaskan.",0.7,,Malay
Saya suka cara filem ini menggabungkan komedi dengan aksi. Sangat menghiburkan.,0.15,,Malay
Visual effects dan animasi filem ini sangat mengagumkan. Terkesan!,0.1,,Malay
Pelakon memberikan persembahan yang sangat baik. Saya suka karakternya.,0.12,,Malay
Filem ini sangat mengecewakan. Tidak sepadan dengan hype.,0.8,,Malay
Plot yang rumit tetapi sangat menarik. Twist besar di penghujung!,0.1,,Malay
Adegan aksi yang terlalu berlebihan. Terlalu banyak efek khas.,0.6,,Malay
Saya tidak faham dengan twist dalam plot. Sedikit keliru.,0.7,,Malay
Filem ini menarik dan memberikan pengalaman yang mendalam. Saya suka!,0.12,,Malay
Visual effects filem ini luar biasa. Teruja dengan kehebatan teknikal.,0.1,,Malay
Kurangnya pengembangan watak membuat filem ini lemah. Tidak memuaskan.,0.75,,Malay
Saya teruja dengan cara filem ini menggabungkan elemen fiksyen sains.,0.2,,Malay
Plot yang menarik dan penuh kejutan. Saya suka twist dalam cerita.,0.15,,Malay
Filem ini mempunyai kekuatan emosional yang besar. Menyentuh hati!,0.12,,Malay
Pelakon memberikan persembahan yang tidak memuaskan. Tidak kredibel.,0.75,,Malay
Jalan cerita yang agak biasa tetapi dihidupkan dengan aksi yang hebat.,0.25,,Malay
Adegan akhir yang sangat epik! Saya teruja dengan penutupan trilogi ini.,0.08,,Malay
Filem ini hebat! Saya suka dengan pengembangan watak.,0.1,,Malay
Saya tidak suka dengan jalan cerita yang terlalu kompleks. Tidak dapat diikuti.,0.7,,Malay
Sangat gembira dengan filem ini. Aksi yang mengagumkan!,0.12,,Malay
Plot yang rumit tetapi sangat menarik. Kejutan besar di penghujung!,0.08,,Malay
Visual effects filem ini benar-benar luar biasa. Saya terkesan!,0.1,,Malay
Perasaan yang mendalam dalam filem ini membuatkan saya terharu. Saya suka!,0.12,,Malay
Kurangnya ketegangan dalam plot membuatkan saya bosan. Tidak ada elemen kejutan.,0.7,,Malay
Filem ini memberikan jawapan kepada banyak pertanyaan. Saya suka twistnya.,0.15,,Malay
Kejutan besar di tengah-tengah filem! Aksi yang mendebarkan!,0.12,,Malay
Visual effects dan animasi filem ini sungguh mengagumkan. Terkesan!,0.1,,Malay
Pelakon memberikan persembahan yang luar biasa. Saya suka cerita ini!,0.12,,Malay
Aksi yang mendebarkan tetapi plot agak lemah. Tidak seimbang.,0.5,,Malay
Saya teruja dengan cara filem ini membawa kembali elemen-elemen dari filem sebelumnya.,0.15,,Malay
Filem ini benar-benar membuat saya terbawa suasana. Saya kagum dengan keseluruhan produksi.,0.1,,Malay
Pelakon memberikan persembahan yang hebat. Saya suka cerita ini!,0.15,,Malay
Saya tidak faham dengan plot filem ini. Terlalu kompleks.,0.7,,Malay
Kejutan besar dalam plot! Aksi yang memukau sepanjang filem.,0.1,,Malay
Visual effects hebat tetapi plot kurang menarik. Saya rasa bosan.,0.6,,Malay
Adegan aksi yang luar biasa. Saya rasa teruja sepanjang masa.,0.12,,Malay
"Sayang sekali, plot filem ini terlalu terbuka. Tidak ada penyelesaian yang memuaskan.",0.7,,Malay
Saya suka cara filem ini menggabungkan komedi dengan aksi. Sangat menghiburkan.,0.15,,Malay
Kualiti visual dan efek khas filem ini luar biasa. Saya terkesan!,0.1,,Malay
Pelakon memberikan persembahan yang sangat baik. Saya suka jalan ceritanya.,0.15,,Malay
Filem ini sangat mengecewakan. Tidak sepadan dengan hype.,0.8,,Malay
Filem ini menggemparkan! Aksi yang luar biasa dan plot yang mengagumkan.,0.08,,Malay
Saya kecewa dengan persembahan pelakon. Tidak memuaskan.,0.7,,Malay
Jalan cerita yang penuh misteri dan mendalam. Sungguh menarik!,0.12,,Malay
Filem ini memberikan pengalaman yang luar biasa. Saya terpesona!,0.05,,Malay
Adegan aksi yang terlalu banyak dan tidak perlu. Terkadang mengganggu.,0.4,,Malay
Saya terkesan dengan setiap aspek filem ini. Penceritaan yang menarik!,0.15,,Malay
Avengers: Endgame mengecewakan dan terlalu klise. Kurang memuaskan.,0.85,,Malay
Saya suka cara filem ini menggabungkan elemen fiksyen sains. Sangat menarik!,0.25,,Malay
Filem ini benar-benar mengesankan dengan nuansa emosional yang mendalam.,0.12,,Malay
Pengalaman sinematik yang tak terlupakan. Saya kagum!,0.1,,Malay
Saya rasa filem ini tidak mencapai standard yang dijangkakan. Tidak memuaskan.,0.75,,Malay
Aksi yang mengejutkan dan plot yang penuh kejutan. Saya terkesan!,0.12,,Malay
Kualiti visual filem ini sungguh mengagumkan. Teruja dengan efek khasnya!,0.1,,Malay
Saya tidak puas hati dengan cara pelakon utama menyampaikan dialog. Kurang meyakinkan.,0.8,,Malay
Jalan cerita yang kompleks tetapi sangat menarik. Saya suka!,0.2,,Malay
Adegan aksi yang dramatis dan berkesan. Terlalu banyak efek khas.,0.6,,Malay
Filem ini memukau dengan suasana yang dihasilkan. Saya kagum!,0.1,,Malay
Pelakon memberikan persembahan yang cemerlang. Saya suka cerita ini!,0.15,,Malay
Saya tidak faham dengan plot filem ini. Terlalu kompleks.,0.7,,Malay
Kejutan besar dalam plot! Aksi yang mendebarkan sepanjang masa.,0.1,,Malay
Visual effects filem ini sungguh memukau. Saya terkesan!,0.1,,Malay
Plot yang terbuka dan kurang memuaskan. Tidak ada penyelesaian yang memuaskan.,0.7,,Malay
Filem ini membuat saya tertawa dan menangis. Suka dengan perasaan yang disampaikan.,0.15,,Malay
Pelakon tidak berjaya membawa watak dengan baik. Tidak kredibel.,0.7,,Malay
"Keseluruhan, filem ini hebat! Saya akan menontonnya lagi.",0.08,,Malay
Adegan aksi yang luar biasa. Teruja dengan penutupan trilogi ini.,0.12,,Malay
"Sayang sekali, plot filem ini terlalu terbuka. Tidak ada penutupan yang memuaskan.",0.7,,Malay
Saya suka cara filem ini menggabungkan komedi dengan aksi. Sangat menghiburkan.,0.15,,Malay
Visual effects dan animasi filem ini sangat mengagumkan. Terkesan!,0.1,,Malay
Pelakon memberikan persembahan yang sangat baik. Saya suka karakternya.,0.12,,Malay
Filem ini sangat mengecewakan. Tidak sepadan dengan hype.,0.8,,Malay
Plot yang rumit tetapi sangat menarik. Twist besar di penghujung!,0.1,,Malay
Adegan aksi yang terlalu berlebihan. Terlalu banyak efek khas.,0.6,,Malay
Saya tidak faham dengan twist dalam plot. Sedikit keliru.,0.7,,Malay
Filem ini menarik dan memberikan pengalaman yang mendalam. Saya suka!,0.12,,Malay
Visual effects filem ini luar biasa. Teruja dengan kehebatan teknikal.,0.1,,Malay
Kurangnya pengembangan watak membuat filem ini lemah. Tidak memuaskan.,0.75,,Malay
Saya teruja dengan cara filem ini menggabungkan elemen fiksyen sains.,0.2,,Malay
"This movie is amazing! The action is breathtaking, and the plot is intriguing.",0.08,,English
I'm disappointed with the actors' performance. Not satisfying.,0.7,,English
The storyline is touching and full of emotion. I love it!,0.12,,English
This movie delivers an outstanding experience. Truly captivating!,0.05,,English
"Too many action scenes, sometimes unnecessary. Too dramatic.",0.4,,English
I'm thrilled throughout the movie. Engaging storytelling!,0.15,,English
Avengers: Endgame is disappointing and too clich√©. Not enjoyable.,0.85,,English
I like how this movie combines elements of science fiction. Interesting!,0.25,,English
This film is truly impressive with deep emotional tones.,0.12,,English
A cinematic experience that is unforgettable. I'm impressed!,0.1,,English
I feel this movie didn't meet the expected standards. Not satisfying.,0.75,,English
Amazing action and a plot full of surprises. I'm impressed!,0.12,,English
The visual quality of this film is astonishing. Excited about its special effects!,0.1,,English
I'm not satisfied with how the main actors deliver their lines. Not convincing.,0.8,,English
The storyline is complex but very interesting. I like it!,0.2,,English
Dramatic and impactful action scenes. Too many special effects.,0.6,,English
This film captivates with the atmosphere it creates. I'm impressed!,0.1,,English
The actors give excellent performances. I like this story!,0.15,,English
I don't understand the plot of this film. Too complex.,0.7,,English
A big surprise in the plot! Thrilling action throughout.,0.1,,English
The visual effects of this film are truly captivating. I'm impressed!,0.1,,English
An open-ended and unsatisfying plot. No satisfying conclusion.,0.7,,English
This film makes me laugh and cry. Love the emotions conveyed.,0.15,,English
The actors fail to portray their characters well. Not credible.,0.7,,English
"Overall, this film is great! I would watch it again.",0.08,,English
Outstanding action scenes. Excited about the trilogy's conclusion.,0.12,,English
"Unfortunately, the plot of this film is too open-ended. No satisfying closure.",0.7,,English
I like how this film combines comedy with action. Highly entertaining.,0.15,,English
The visual effects and animation in this film are amazing. Impressed!,0.1,,English
The actors give a very good performance. I like the story.,0.12,,English
This film is very disappointing. Not worth the hype.,0.8,,English
Complex but very interesting plot. Big twist at the end!,0.1,,English
Too many over-the-top action scenes. Too many special effects.,0.6,,English
I don't understand the twist in the plot. A bit confusing.,0.7,,English
This film is interesting and provides a deep experience. I like it!,0.12,,English
The visual effects of this film are outstanding. Excited about the technical brilliance!,0.1,,English
Lack of character development makes this film weak. Not satisfying.,0.75,,English
I'm thrilled with how this film incorporates elements of science fiction.,0.2,,English
Interesting and surprising plot. Love the twist in the story.,0.15,,English
This film has a great emotional impact. Touching!,0.12,,English
The actors give a very good performance. I like the character development.,0.12,,English
The plot is quite ordinary but brought to life with great action.,0.25,,English
An extremely epic ending! Thrilled with the trilogy's conclusion.,0.08,,English
This film is great! I like the character development.,0.1,,English
I don't like the overly complex plot. Hard to follow.,0.7,,English
Very pleased with this film. Amazing action!,0.12,,English
Complex but very interesting plot. Big surprise at the end!,0.08,,English
The visual effects of this film are truly astonishing. Impressed!,0.1,,English
Deep emotional impact in this film makes me teary-eyed. I like it!,0.12,,English
Lack of tension in the plot makes me bored. No surprising elements.,0.7,,English
This film provides answers to many questions. Love the twist!,0.15,,English
A big surprise in the middle of the film! Thrilling action!,0.12,,English
The visual effects and animation in this film are truly amazing. Impressed!,0.1,,English
The actors give an outstanding performance. I like this story!,0.12,,English
Thrilling action but a somewhat weak plot. Not balanced.,0.5,,English
I'm thrilled with how this film brings back elements from previous movies.,0.15,,English
Lack of character development makes this film weak. Not satisfying.,0.8,,English
The visual effects and animation in this film are amazing. Impressed!,0.05,,English
"This film is a masterpiece! The storytelling is exceptional, and the performances are outstanding.",0.05,,English
I'm underwhelmed by the plot twists. Not as impactful as expected.,0.6,,English
The emotional depth of the characters and the engaging plot make it a must-watch! Highly recommended.,0.1,,English
"A cinematic marvel! The visuals are breathtaking, and the narrative is spellbinding.",0.08,,English
The abundance of action scenes is exhilarating. A bit overwhelming at times.,0.3,,English
I'm captivated from start to finish. The storytelling is compelling!,0.12,,English
Avengers: Endgame falls short of expectations. The storyline is too predictable.,0.7,,English
The fusion of science fiction elements adds a unique and intriguing dimension. Fascinating!,0.15,,English
This film resonates with profound emotions. A truly remarkable experience.,0.1,,English
A visual spectacle that leaves a lasting impression. Absolutely mesmerizing!,0.06,,English
The film struggles to meet the anticipated standards. Falls flat in some areas.,0.65,,English
"The action sequences are mind-blowing, and the plot twists keep you on the edge of your seat!",0.1,,English
"The visual quality is top-notch, creating a visual feast for the audience. Impressive special effects!",0.08,,English
The delivery of dialogue by the main actors lacks conviction. Not entirely convincing.,0.75,,English
The intricate storyline adds depth to the narrative. A genuinely captivating experience!,0.13,,English
The action scenes are intense and impactful. Some may find the special effects excessive.,0.4,,English
The film creates an immersive atmosphere that is both captivating and emotionally resonant. Impressive!,0.08,,English
Outstanding performances from the cast. The narrative is enriched with character development.,0.12,,English
I find the plot of this film to be overly complex. A bit hard to follow.,0.65,,English
A surprising twist in the plot keeps the audience engaged. Thrilling from start to finish!,0.1,,English
The visual effects are nothing short of spectacular. Truly impressed!,0.08,,English
The open-ended nature of the plot leaves room for interpretation. Some may find it unsatisfying.,0.7,,English
This film evokes both laughter and tears. A testament to its emotional resonance.,0.12,,English
The actors struggle to embody their characters convincingly. Lacks credibility.,0.7,,English
"Overall, the film is a great watch! I would gladly revisit it.",0.08,,English
The action scenes are exceptional. The trilogy's conclusion is nothing short of epic!,0.1,,English
"Unfortunately, the plot leaves too many loose ends. The closure is unsatisfying.",0.7,,English
"I appreciate the blend of comedy and action, creating an entertaining experience.",0.12,,English
The visual effects and animation are truly awe-inspiring. Impressively done!,0.08,,English
The cast delivers commendable performances. The narrative is enriched with a compelling story.,0.12,,English
This film is highly disappointing. It fails to live up to the hype.,0.8,,English
The plot is intricate but highly engaging. A major twist awaits at the end!,0.1,,English
Excessive over-the-top action scenes. The abundance of special effects may be overwhelming.,0.4,,English
The twist in the plot leaves me puzzled. Somewhat confusing.,0.7,,English
The film strikes a balance between being intriguing and emotionally resonant. I thoroughly enjoy it!,0.12,,English
The visual effects leave a lasting impact. The technical brilliance is truly impressive!,0.08,,English
Weak character development renders the film less satisfying. A missed opportunity.,0.75,,English
I'm impressed with how the film incorporates elements of science fiction.,0.15,,English
The plot unfolds with interesting twists and turns. I appreciate the unpredictable story.,0.12,,English
This film packs a powerful emotional punch. Touching and heartwarming!,0.12,,English
The cast delivers exceptional performances. The character development is praiseworthy.,0.12,,English
"While the plot is somewhat ordinary, the film is elevated by its stellar action sequences.",0.22,,English
The epic conclusion is nothing short of thrilling! A satisfying end to the trilogy.,0.06,,English
This film is outstanding! I appreciate the well-crafted character development.,0.08,,English
I struggle to comprehend the overly complex plot. It's challenging to follow.,0.65,,English
I'm thoroughly pleased with this film. The action is nothing short of amazing!,0.12,,English
A complex yet engaging plot. A major surprise awaits at the end!,0.06,,English
The visual effects are absolutely outstanding. Truly impressed!,0.08,,English
The deep emotional impact resonates throughout the film. I find it truly moving!,0.12,,English
The lack of tension in the plot leaves me bored. The absence of surprising elements is noticeable.,0.65,,English
The film answers many lingering questions. The plot twist adds an extra layer of intrigue!,0.13,,English
A surprising twist in the middle of the film keeps the audience on the edge of their seats!,0.1,,English
The visual effects and animation are truly amazing. I'm thoroughly impressed!,0.08,,English
The cast delivers outstanding performances. I'm captivated by the story!,0.12,,English
"The action is thrilling, but the plot feels somewhat weak. The balance is not quite there.",0.5,,English
I'm thrilled by how the film reintroduces elements from previous movies.,0.12,,English
"Avengers: Endgame is an absolute masterpiece! The film seamlessly weaves together a complex yet engaging narrative, leaving audiences on the edge of their seats. The performances from the cast are stellar, bringing emotional depth to the characters. The visual effects are nothing short of breathtaking, creating a cinematic experience that will be remembered for years to come.",0.05,,English
"While the plot of Avengers: Endgame takes unexpected turns, I found some of the twists to be underwhelming. The film, however, compensates with visually stunning sequences and impressive action scenes. The emotional moments hit hard, showcasing the bond between the characters. Overall, a solid addition to the Marvel Cinematic Universe.",0.3,,English
"This film transcends the typical superhero genre, delivering a profound and emotionally resonant story. The characters undergo significant development, and the plot is both intricate and thought-provoking. Avengers: Endgame is a rollercoaster of emotions, from heart-wrenching moments to triumphant victories. A true cinematic achievement.",0.08,,English
"Avengers: Endgame is a cinematic marvel that exceeds expectations. The narrative is rich with depth, exploring themes of sacrifice, friendship, and resilience. The visual spectacle is awe-inspiring, with each frame meticulously crafted. The performances of the cast elevate the film, making it a fitting conclusion to the epic saga.",0.06,,English
"The film's abundance of action scenes contributes to a high-energy viewing experience, but at times, it feels a bit overwhelming. Despite this, Avengers: Endgame succeeds in delivering a satisfying and emotional conclusion to the characters' journeys. The special effects are top-notch, creating memorable visuals that linger in the mind.",0.22,,English
"I was captivated from start to finish by the storytelling prowess of Avengers: Endgame. The film skillfully blends suspense, humor, and heart, creating a narrative that keeps the audience invested. The characters' arcs are well-developed, adding emotional weight to the overall story. A must-watch for fans and newcomers alike.",0.12,,English
"Avengers: Endgame falls short of the high expectations set by its predecessors. While the film has its moments, the plot feels somewhat predictable, and certain character choices may leave fans wanting more. The visual effects, however, remain a highlight, showcasing the technological prowess of modern filmmaking.",0.7,,English
"The infusion of science fiction elements into Avengers: Endgame adds an intriguing layer to the narrative. The exploration of time travel and alternate realities introduces complexity to the plot, keeping viewers engaged. The film successfully balances these elements, creating a unique and thought-provoking superhero experience.",0.15,,English
"This film goes beyond typical superhero fare, delving into the emotional struggles of the characters. The depth of emotion conveyed by the cast is commendable, making Avengers: Endgame a touching and memorable cinematic journey. The intricate plot weaves together various storylines, providing a satisfying conclusion to the overarching narrative.",0.1,,English
"Avengers: Endgame is a visual spectacle that pushes the boundaries of filmmaking. The special effects are nothing short of mesmerizing, creating breathtaking scenes that transport the audience to otherworldly realms. The film's technical brilliance is a testament to the evolving landscape of cinematic artistry.",0.06,,English
"While Avengers: Endgame has its moments of brilliance, it stumbles in maintaining a consistent narrative flow. Some plot points feel rushed, leaving certain character arcs underexplored. Despite these shortcomings, the film delivers on the spectacle, with action sequences that leave a lasting impression.",0.5,,English
"The action sequences in Avengers: Endgame are nothing short of mind-blowing. The choreography and visual effects combine to create an adrenaline-pumping experience. The plot twists and turns keep the audience guessing, and the film successfully ties up loose ends from previous installments. A satisfying addition to the Marvel saga.",0.1,,English
"The visual quality of Avengers: Endgame is a standout feature, with each frame meticulously crafted to perfection. The attention to detail in the special effects elevates the film, creating a visually stunning masterpiece. The use of CGI seamlessly blends with practical effects, resulting in a cinematic experience that dazzles the senses.",0.08,,English
"While the main actors deliver commendable performances, there are moments where the dialogue falls flat. The emotional beats are occasionally overshadowed by the grandeur of the action sequences. Despite this, the characters' journeys and the film's overarching themes leave a lasting impact.",0.75,,English
"The complexity of the storyline in Avengers: Endgame adds depth to the overall narrative. The film weaves together multiple threads, providing a rich and engaging experience. Each character's contribution to the plot is significant, creating a tapestry of interconnected stories that converge in a satisfying climax.",0.13,,English
"The film strikes a balance between intense action scenes and emotionally charged moments. The visual spectacle is complemented by character development, making Avengers: Endgame a well-rounded cinematic experience. The narrative unfolds organically, keeping viewers invested in the fates of their favorite characters.",0.4,,English
"Avengers: Endgame immerses the audience in a visually stunning world, from the intricate details of set design to the breathtaking landscapes. The film's ability to create a vivid and immersive atmosphere is a testament to the creativity and skill of the filmmaking team. A visual feast for cinephiles.",0.08,,English
"The performances of the cast in Avengers: Endgame are outstanding, particularly in conveying the emotional weight of the characters' journeys. The nuanced portrayals add depth to the narrative, creating a sense of connection between the audience and the heroes. A testament to the actors' commitment to their roles.",0.12,,English
"While the overarching plot of Avengers: Endgame is ambitious, it occasionally feels overly complex. Some narrative choices may leave viewers scratching their heads, impacting the overall coherence of the story. Despite this, the film's emotional resonance and stunning visuals make it a worthwhile watch.",0.65,,English
"The twist in Avengers: Endgame's plot, particularly towards the end, is a masterstroke that elevates the film to new heights. The unexpected turns add a layer of unpredictability, keeping the audience engaged. The resolution of character arcs is satisfying, providing closure to a saga that has spanned multiple films.",0.1,,English
"The visual effects in Avengers: Endgame are a spectacle to behold. The seamless integration of CGI and practical effects creates a visual feast for audiences. The attention to detail in the design of characters, locations, and action sequences contributes to the film's overall visual excellence.",0.08,,English
"The open-ended nature of Avengers: Endgame's plot allows for interpretation and speculation. While some may appreciate the ambiguity, others may find it leaves too much unanswered. The film leaves room for potential future developments in the Marvel Cinematic Universe.",0.7,,English
"Avengers: Endgame expertly balances moments of levity and heart-wrenching emotion. The film's ability to evoke laughter and tears showcases its versatility in storytelling. The emotional depth of the characters is portrayed with authenticity, creating a connection with the audience.",0.12,,English
"The actors' portrayals in Avengers: Endgame occasionally lack the necessary conviction, affecting the overall impact of certain scenes. While the performances are generally solid, there are instances where the emotional beats could have been more resonant. A minor flaw in an otherwise impressive ensemble cast.",0.7,,English
"Overall, Avengers: Endgame stands as a testament to the culmination of a cinematic journey. The film seamlessly weaves together a narrative that pays homage to its predecessors while forging a new path. The emotional resonance and epic scale make it a fitting conclusion to the Marvel Cinematic Universe.",0.08,,English
"The action sequences in Avengers: Endgame are exceptional, delivering a level of intensity that keeps audiences on the edge of their seats. The culmination of the trilogy is marked by jaw-dropping moments and a sense of grandeur. A must-watch for fans of the superhero genre.",0.1,,English
"Despite its merits, Avengers: Endgame leaves certain plot threads dangling, resulting in an unsatisfying conclusion for some characters. The open-ended nature of certain arcs may leave fans yearning for more closure. However, the film's strengths lie in its visual spectacle and emotional resonance.",0.7,,English
"The infusion of humor and action in Avengers: Endgame creates a dynamic and entertaining experience. The witty dialogue and comedic moments provide a welcome respite from the intense action sequences. The film strikes a balance between gravity and levity, catering to a diverse audience.",0.12,,English
"The visual effects and animation in Avengers: Endgame are nothing short of awe-inspiring. The level of detail in each frame, especially during action sequences, showcases the dedication of the filmmaking team. A technological marvel that pushes the boundaries of what is achievable in cinema.",0.08,,English
"The cast of Avengers: Endgame delivers commendable performances, bringing depth and authenticity to their characters. The chemistry among the actors enhances the emotional resonance of the film, making the audience invest in the fates of the superheroes. A testament to the ensemble's acting prowess.",0.12,,English
"While Avengers: Endgame has its moments of brilliance, the balance between thrilling action and a cohesive plot feels somewhat skewed. Some action scenes may overshadow the narrative, impacting the overall pacing. A more harmonious blend would have elevated the film even further.",0.5,,English
The incorporation of elements from previous films in Avengers: Endgame adds a layer of nostalgia for long-time fans. The callbacks and references create a sense of continuity within the Marvel Cinematic Universe. A treat for those who have followed the franchise from its inception.,0.12,,English
"Avengers: Endgame is a cinematic triumph, seamlessly blending action, emotion, and spectacle. The character arcs are satisfyingly concluded, and the visual effects are nothing short of groundbreaking.",0.06,,English
"While the film's action sequences are thrilling, some plot twists feel forced, and certain character developments lack depth. Nevertheless, the visual grandeur and emotional resonance make it a memorable entry in the Marvel universe.",0.3,,English
"The intricate plot weaves together multiple timelines, creating a narrative tapestry that keeps the audience engaged. The stellar performances from the cast and the jaw-dropping visuals make Avengers: Endgame an epic conclusion to the saga.",0.08,,English
"Avengers: Endgame delivers on the promise of an emotional rollercoaster. The characters face challenges that push them to their limits, and the film successfully balances humor with heart-wrenching moments. A fitting and visually stunning end to the Marvel Cinematic Universe's Infinity Saga.",0.07,,English
"While the film provides closure to long-standing storylines, certain character arcs feel rushed and underexplored. The action sequences, however, are a spectacle, with each frame meticulously crafted for maximum impact. Avengers: Endgame is a bittersweet farewell to beloved characters and an era.",0.4,,English
"The emotional depth of Avengers: Endgame is unparalleled in the superhero genre. The film explores themes of loss, sacrifice, and camaraderie, making it a poignant and resonant experience. The exceptional performances from the cast elevate the narrative to new heights.",0.07,,English
"Despite its ambitious narrative, Avengers: Endgame stumbles with pacing issues, leaving some moments feeling rushed. However, the film compensates with breathtaking visuals and epic action sequences, providing a thrilling cinematic experience.",0.5,,English
"The time-travel element adds complexity to the plot, creating an intricate and thought-provoking narrative. Avengers: Endgame manages to deliver both spectacle and substance, with the characters' emotional journeys taking center stage. A remarkable conclusion to the Marvel Cinematic Universe.",0.12,,English
"Avengers: Endgame's visual effects are a technological marvel, pushing the boundaries of what can be achieved in cinema. The film's meticulous attention to detail, especially in the action sequences, showcases the dedication of the filmmaking team. A visual spectacle that leaves a lasting impression.",0.08,,English
"While the film provides closure to some character arcs, certain plot points are left unresolved, leaving room for future exploration. Avengers: Endgame, however, excels in delivering awe-inspiring action and emotional resonance. A bittersweet farewell to an era of superhero storytelling.",0.3,,English
"The film's action-packed sequences are a visual feast, complemented by a gripping storyline. Avengers: Endgame successfully juggles multiple characters, giving each a moment to shine. A monumental conclusion to the Infinity Saga, filled with twists and turns.",0.1,,English
"Avengers: Endgame's CGI and practical effects seamlessly blend to create a visually stunning experience. The film's attention to detail, from character designs to set pieces, is commendable. A cinematic spectacle that pays homage to a decade of Marvel storytelling.",0.08,,English
"While the film's emotional beats resonate, certain moments may feel forced, impacting the overall authenticity. Nevertheless, Avengers: Endgame delivers on the promise of an epic conclusion, with memorable action sequences and a visually striking finale.",0.3,,English
"The complexity of Avengers: Endgame's narrative is both its strength and weakness. While some may find the intricate plot engaging, others may feel overwhelmed by its layers. Nonetheless, the film's emotional impact and breathtaking visuals make it a compelling watch.",0.4,,English
"Avengers: Endgame strikes a balance between humor and heart, with witty dialogue and poignant character moments. The film's ability to blend lightheartedness with intense action is a testament to its storytelling prowess. A fitting end to a cinematic saga that has captured the hearts of audiences worldwide.",0.12,,English
"While the film attempts to tie up loose ends, certain character resolutions may leave fans divided. Avengers: Endgame, however, excels in delivering epic battles and jaw-dropping visuals. A must-watch for those who have invested in the Marvel Cinematic Universe.",0.25,,English
"The time-travel narrative in Avengers: Endgame adds complexity and depth, offering a fresh take on the superhero genre. The film navigates between various timelines with finesse, creating a cohesive and engaging narrative. A thrilling and emotionally charged conclusion to the Infinity Saga.",0.1,,English
"Avengers: Endgame's pacing is a triumph, seamlessly transitioning between high-octane action and character-driven moments. The film's ability to evoke laughter and tears showcases its versatility. A remarkable achievement in cinematic storytelling.",0.06,,English
"While Avengers: Endgame provides closure to some storylines, certain character arcs feel underdeveloped. The film, however, compensates with epic battles and stunning visuals. A rollercoaster of emotions that serves as a fitting end to an era of superhero storytelling.",0.4,,English
"The emotional weight of Avengers: Endgame's narrative is felt throughout, with character arcs that tug at the heartstrings. The film successfully weaves together humor, action, and poignancy. A cinematic spectacle that pays homage to the journey of iconic characters.",0.07,,English
"Despite a few narrative hiccups, Avengers: Endgame delivers on the promise of an epic conclusion. The film's visual effects are nothing short of breathtaking, creating a cinematic experience that dazzles. A fitting end to a saga that has defined the superhero genre.",0.12,,English
"The film's ambitious scope is evident in its grandiose action sequences and intricate plot twists. Avengers: Endgame successfully juggles multiple storylines, providing closure to beloved characters. A visually stunning and emotionally resonant epic that marks the end of an era.",0.1,,English
"While Avengers: Endgame is a visual spectacle, certain plot twists may feel predictable to keen-eyed viewers. Nevertheless, the film delivers on emotional resonance and epic action sequences. A bittersweet farewell to characters who have become cultural icons.",0.3,,English
The time-travel narrative of Avengers: Endgame introduces an intriguing complexity to the plot. The film manages to balance multiple timelines while keeping the audience engaged. A satisfying and visually impressive conclusion to the Marvel Cinematic Universe's Infinity Saga.,0.15,,English
"Avengers: Endgame's action sequences are a feast for the eyes, with every punch and explosion meticulously choreographed. The film's attention to detail, especially in the visual effects, elevates the viewing experience. A thrilling and visually stunning conclusion to the Marvel Cinematic Universe.",0.08,,English
"While the film delivers on emotional beats, certain character resolutions may feel rushed. Avengers: Endgame, however, excels in creating epic and memorable action sequences. A rollercoaster of emotions that serves as a fitting end to the Infinity Saga.",0.25,,English
"The film's intricate plot adds layers of complexity, providing a fresh take on superhero storytelling. Avengers: Endgame seamlessly weaves together various storylines, creating a narrative tapestry that captivates. A visually striking and emotionally charged conclusion to a cinematic era.",0.1,,English
"Avengers: Endgame's CGI and practical effects work in harmony, creating a visually stunning cinematic experience. The attention to detail in the visual effects enhances the film's overall impact. A testament to the technological achievements in modern filmmaking.",0.08,,English
"While Avengers: Endgame attempts to provide closure to long-standing storylines, some resolutions may feel rushed. The film, however, compensates with epic battles and visually stunning set pieces. A rollercoaster of emotions that marks the end of a remarkable era in superhero filmmaking.",0.3,,English
"The emotional depth of Avengers: Endgame's narrative is a standout feature, with characters facing profound challenges. The film's ability to balance intense action with poignant moments is commendable. A fitting and emotionally resonant conclusion to the Marvel Cinematic Universe.",0.07,,English
"The film's pacing is a testament to its storytelling finesse, seamlessly transitioning between action-packed sequences and character-driven moments. Avengers: Endgame's ability to evoke a wide range of emotions showcases its narrative depth. A cinematic triumph that serves as a fitting end to a beloved saga.",0.06,,English
"Avengers: Endgame's visual effects are a technological marvel, pushing the boundaries of what can be achieved in cinema. The film's meticulous attention to detail, especially in the action sequences, showcases the dedication of the filmmaking team. A visual spectacle that leaves a lasting impression.",0.08,,English
"While the film provides closure to some character arcs, certain plot points are left unresolved, leaving room for future exploration. Avengers: Endgame, however, excels in delivering awe-inspiring action and emotional resonance. A bittersweet farewell to an era of superhero storytelling.",0.3,,English
"The time-travel element adds complexity to the plot, creating an intricate and thought-provoking narrative. Avengers: Endgame manages to deliver both spectacle and substance, with the characters' emotional journeys taking center stage. A remarkable conclusion to the Marvel Cinematic Universe.",0.12,,English
"Avengers: Endgame's pacing is a triumph, seamlessly transitioning between high-octane action and character-driven moments. The film's ability to evoke laughter and tears showcases its versatility. A remarkable achievement in cinematic storytelling.",0.06,,English
"While Avengers: Endgame provides closure to some storylines, certain character arcs feel underdeveloped. The film, however, compensates with epic battles and stunning visuals. A rollercoaster of emotions that serves as a fitting end to an era of superhero storytelling.",0.4,,English
"The emotional weight of Avengers: Endgame's narrative is felt throughout, with character arcs that tug at the heartstrings. The film successfully weaves together humor, action, and poignancy. A cinematic spectacle that pays homage to the journey of iconic characters.",0.07,,English
"Despite a few narrative hiccups, Avengers: Endgame delivers on the promise of an epic conclusion. The film's visual effects are nothing short of breathtaking, creating a cinematic experience that dazzles. A fitting end to a saga that has defined the superhero genre.",0.12,,English
"The film's ambitious scope is evident in its grandiose action sequences and intricate plot twists. Avengers: Endgame successfully juggles multiple storylines, providing closure to beloved characters. A visually stunning and emotionally resonant epic that marks the end of an era.",0.1,,English
"While Avengers: Endgame is a visual spectacle, certain plot twists may feel predictable to keen-eyed viewers. Nevertheless, the film delivers on emotional resonance and epic action sequences. A bittersweet farewell to characters who have become cultural icons.",0.3,,English
The time-travel narrative of Avengers: Endgame introduces an intriguing complexity to the plot. The film manages to balance multiple timelines while keeping the audience engaged. A satisfying and visually impressive conclusion to the Marvel Cinematic Universe's Infinity Saga.,0.15,,English
"Avengers: Endgame's action sequences are a feast for the eyes, with every punch and explosion meticulously choreographed. The film's attention to detail, especially in the visual effects, elevates the viewing experience. A thrilling and visually stunning conclusion to the Marvel Cinematic Universe.",0.08,,English
"While the film delivers on emotional beats, certain character resolutions may feel rushed. Avengers: Endgame, however, excels in creating epic and memorable action sequences. A rollercoaster of emotions that serves as a fitting end to the Infinity Saga.",0.25,,English
"The film's intricate plot adds layers of complexity, providing a fresh take on superhero storytelling. Avengers: Endgame seamlessly weaves together various storylines, creating a narrative tapestry that captivates. A visually striking and emotionally charged conclusion to a cinematic era.",0.1,,English
"Avengers: Endgame's CGI and practical effects work in harmony, creating a visually stunning cinematic experience. The attention to detail in the visual effects enhances the film's overall impact. A testament to the technological achievements in modern filmmaking.",0.08,,English
"While Avengers: Endgame attempts to provide closure to long-standing storylines, some resolutions may feel rushed. The film, however, compensates with epic battles and visually stunning set pieces. A rollercoaster of emotions that marks the end of a remarkable era in superhero filmmaking.",0.3,,English
"The emotional depth of Avengers: Endgame's narrative is a standout feature, with characters facing profound challenges. The film's ability to balance intense action with poignant moments is commendable. A fitting and emotionally resonant conclusion to the Marvel Cinematic Universe.",0.07,,English
"The film's pacing is a testament to its storytelling finesse, seamlessly transitioning between action-packed sequences and character-driven moments. Avengers: Endgame's ability to evoke a wide range of emotions showcases its narrative depth. A cinematic triumph that serves as a fitting end to a beloved saga.",0.06,,English
Masterpiece,0.05,,English
Spectacular,0.08,,English
Emotional,0.07,,English
Epic,0.06,,English
Thrilling,0.1,,English
Compelling,0.12,,English
Underwhelming,0.6,,English
Intriguing,0.15,,English
Touching,0.1,,English
Mesmerizing,0.06,,English
Flat,0.65,,English
Exhilarating,0.1,,English
Impressive,0.08,,English
Inconsistent,0.5,,English
Breathtaking,0.08,,English
Outstanding,0.12,,English
Complex,0.65,,English
Surprising,0.1,,English
Spectacular,0.08,,English
Unsatisfying,0.7,,English
Moving,0.12,,English
Incredible,0.08,,English
Weak,0.75,,English
Great,0.08,,English
Overwhelming,0.4,,English
Confusing,0.7,,English
Ni hao,NaN,,Chinese
Hen tai fei chang hao,0.001,,Chinese
Captivating,0.12,,English
Top-notch,0.08,,English
Disappointing,0.8,,English
Challenging,0.65,,English
Intense,0.1,,English
Impressive,0.08,,English
Missed,0.75,,English
Entertaining,0.12,,English
Over-the-top,0.4,,English
Twist,0.7,,English
Striking,0.12,,English
Ordinary,0.65,,English
Amazing,0.12,,English
Engaging,0.06,,English
Complex,0.1,,English
Unconvincing,0.75,,English
Enriching,0.13,,English
Impactful,0.4,,English
Intriguing,0.12,,English
Moving,0.12,,English
Weak,0.5,,English
Reintroduces,0.12,,English
Action-packed,0.1,,English
Emotionally powerful,0.07,,English
Satisfying conclusion,0.08,,English
Epic journey,0.06,,English
Visually stunning,0.08,,English
Intricate plot,0.12,,English
Unexpected twists,0.1,,English
Underwhelming moments,0.6,,English
Character depth,0.12,,English
Breathtaking visuals,0.08,,English
Flat narrative,0.65,,English
Highly engaging,0.12,,English
Impressive effects,0.08,,English
Inconsistent pacing,0.5,,English
Compelling story,0.12,,English
Outstanding performances,0.12,,English
Weak characterizations,0.75,,English
Great watch,0.08,,English
Overwhelming action,0.4,,English
Confusing twists,0.7,,English
Captivating storytelling,0.12,,English
Top-notch effects,0.08,,English
Disappointing resolution,0.8,,English
Challenging narrative,0.65,,English
Intense sequences,0.1,,English
Impressive visuals,0.08,,English
Missed opportunity,0.75,,English
Entertaining blend,0.12,,English
Over-the-top moments,0.4,,English
Plot twist,0.7,,English
Striking visuals,0.12,,English
Ordinary plot,0.65,,English
Amazing action,0.12,,English
Emotionally resonant,0.06,,English
Nani kore,0.997413,,Nippon
Complex narrative,0.1,,English
Unconvincing acting,0.75,,English
Enriching storyline,0.13,,English
Impactful moments,0.4,,English
Intriguing twists,0.12,,English
Moving scenes,0.12,,English
Weak climax,0.5,,English
Reintroduces elements,0.12,,English
Diabolic,NaN,,English
Unexpected turns,0.1,,English
Spectacular effects,0.08,,English
Masterful storytelling,0.05,,English
Epic conclusion to Marvel saga,0.08,,English
Emotional rollercoaster with heroes,0.07,,English
Spectacular visuals and storytelling,0.08,,English
"Thrilling action, satisfying character arcs",0.06,,English
"Visually stunning, emotionally resonant journey",0.08,,English
"Compelling story, outstanding performances",0.12,,English
"Intricate plot, unexpected twists",0.1,,English
"Underwhelming moments, weak characterizations",0.6,,English
"Breathtaking visuals, engaging narrative",0.08,,English
"Top-notch effects, captivating storytelling",0.08,,English
Epik,0.7,,Malay
Hebat,0.1,,Malay
Mengecewakan,0.8,,Malay
Menarik,0.2,,Malay
Sedih,0.99,,Malay
Luahan perasaan,0.2,,Malay
Mengagumkan,0.1,,Malay
Emosi,0.2,,Malay
Menghiburkan,0.1,,Malay
Tidak memuaskan,0.7,,Malay
Menggemparkan,0.1,,Malay
Kembara epik,0.1,,Malay
Menakjubkan,0.1,,Malay
Kacau bilau,0.8,,Malay
Menawan hati,0.2,,Malay
Pening,0.7,,Malay
Berkesan,0.2,,Malay
Mengujakan,0.1,,Malay
Sederhana and teruk,0.6,,Malay
Sempurna,0.1,,Malay
